,year,quarter,market,internal_class,internal_industry,leasedSF,availability_proportion,internal_class_rent,overall_rent,rent_growth,availability_growth,enhanced_growth
9,2018,Q1,Atlanta,A,"Technology, Advertising, Media, and Information",15941.0,0.200108599513769,27.6558911686799,24.3456893335581,0.0,0.0,0.0
338,2018,Q2,Atlanta,A,"Technology, Advertising, Media, and Information",34146.0,0.207186659451026,29.2519005754806,26.0678750972516,5.770956347297784,3.5371093268632636,-2.2338470204345207
676,2018,Q3,Atlanta,A,"Technology, Advertising, Media, and Information",28044.2,0.214225805129665,29.507258606321397,26.3933334340637,0.8729621864462356,3.397489827429201,2.5245276409829653
984,2018,Q4,Atlanta,A,"Technology, Advertising, Media, and Information",65072.0,0.200100592973167,29.4829379428307,26.4885667259604,-0.08242264662799981,-6.5936090882927845,-6.511186441664785
1327,2019,Q1,Atlanta,A,"Technology, Advertising, Media, and Information",41806.75,0.203462220855487,30.0444739189956,26.6522000940237,1.9046133640200802,1.679968975789481,-0.2246443882305993
1682,2019,Q2,Atlanta,A,"Technology, Advertising, Media, and Information",21901.6,0.200904343680984,29.944546310494296,26.905425717427896,-0.3325989623606751,-1.2571754912278243,-0.9245765288671492
2077,2019,Q3,Atlanta,A,"Technology, Advertising, Media, and Information",62375.57142857143,0.21104908564227,30.3398923027973,27.2217621151437,1.3202604180529987,5.049538389968733,3.7292779719157343
2448,2019,Q4,Atlanta,A,"Technology, Advertising, Media, and Information",49893.25,0.20964659813518,31.19072830911,28.1602658391509,2.8043474835744764,-0.6645314301277017,-3.468878913702178
2802,2020,Q1,Atlanta,A,"Technology, Advertising, Media, and Information",26159.0,0.213503921599995,32.0689922065689,28.7401750024582,2.8157851549826862,1.8399170313881275,-0.9758681235945588
3171,2020,Q2,Atlanta,A,"Technology, Advertising, Media, and Information",103483.66666666667,0.230193465999884,32.491969770226,29.3998683862137,1.3189611975721993,7.8169732316005325,6.498012034028333
3486,2020,Q3,Atlanta,A,"Technology, Advertising, Media, and Information",89336.25,0.243670182838505,32.5734176265931,29.3217015768141,0.25067072554565417,5.8545175381423675,5.603846812596713
3809,2020,Q4,Atlanta,A,"Technology, Advertising, Media, and Information",12570.0,0.273476925629498,32.4070479168528,29.3896974337831,-0.5107530061705168,12.232412863886477,12.743165870056995
4115,2021,Q1,Atlanta,A,"Technology, Advertising, Media, and Information",115611.0,0.283720367596701,32.4371607137453,29.6769849417619,0.09292051830751547,3.7456329976009117,3.6527124792933963
4449,2021,Q2,Atlanta,A,"Technology, Advertising, Media, and Information",22454.0,0.284920093601737,32.249417193087,29.5480066949301,-0.5787914741216649,0.42285508622397217,1.001646560345637
4787,2021,Q3,Atlanta,A,"Technology, Advertising, Media, and Information",15813.5,0.29329269510689,32.693794712975,29.9928938313481,1.3779396918318865,2.9385788132079815,1.560639121376095
5149,2021,Q4,Atlanta,A,"Technology, Advertising, Media, and Information",162837.25,0.288538950996218,32.792801382689,30.239219157623,0.30283015655783174,-1.6208191305069786,-1.9236492870648103
5528,2022,Q1,Atlanta,A,"Technology, Advertising, Media, and Information",29269.5,0.293160071376205,33.3479477941087,30.6972508496401,1.6928910858855506,1.6015585985988956,-0.091332487286655
5884,2022,Q2,Atlanta,A,"Technology, Advertising, Media, and Information",15597.0,0.30597302811816,33.2292881010971,30.7143973228095,-0.3558230741639967,4.370635019225544,4.726458093389541
6241,2022,Q3,Atlanta,A,"Technology, Advertising, Media, and Information",110396.5,0.297791275867039,33.1255523905967,30.5982520987174,-0.3121815615934609,-2.6740109418930125,-2.3618293802995516
6607,2022,Q4,Atlanta,A,"Technology, Advertising, Media, and Information",20981.333333333332,0.310229986698993,33.0939777761015,30.7206888357521,-0.09531800141140412,4.176989670277553,4.272307671688957
6964,2023,Q1,Atlanta,A,"Technology, Advertising, Media, and Information",2800.0,0.32274829315455,33.0729871528553,30.8803072225758,-0.06342732018559394,4.03516971030371,4.098597030489303
7324,2023,Q2,Atlanta,A,"Technology, Advertising, Media, and Information",10227.0,0.328773730775461,33.0238129299571,30.8768533869806,-0.1486839476305013,1.8669154101539132,2.0155993577844145
7752,2023,Q3,Atlanta,A,"Technology, Advertising, Media, and Information",42471.8,0.324285230333944,33.3567392193063,31.307541070837196,1.0081400656408945,-1.365224779647145,-2.3733648452880396
8144,2023,Q4,Atlanta,A,"Technology, Advertising, Media, and Information",28861.571428571428,0.3424647813139409,34.9603972287725,32.4819298800931,4.807598245508449,5.606037302801581,0.7984390572931321
8532,2024,Q1,Atlanta,A,"Technology, Advertising, Media, and Information",36037.5,0.346911210717522,35.0675871183775,32.5676710432038,0.3066037519641851,1.2983610713257487,0.9917573193615636
8893,2024,Q2,Atlanta,A,"Technology, Advertising, Media, and Information",69860.6,0.346352447481687,35.0583055064288,32.6147217616091,-0.02646778039608888,-0.16106808271757478,-0.1346003023214859
9333,2024,Q3,Atlanta,A,"Technology, Advertising, Media, and Information",41996.22222222222,0.353973477389315,35.0552203004165,32.5692065343474,-0.0088002142936916,2.200368429049715,2.2091686433434066
9786,2024,Q4,Atlanta,A,"Technology, Advertising, Media, and Information",28140.6,0.343,35.33,32.87,0.7838481607837178,-3.100084636354228,-3.8839327971379456
22,2018,Q1,Austin,A,"Technology, Advertising, Media, and Information",46150.5,0.116310675249782,40.3847061308072,36.5966175390302,0.0,0.0,0.0
347,2018,Q2,Austin,A,"Technology, Advertising, Media, and Information",74161.6,0.126930458826787,39.659272025382,35.7442116138143,-1.7963089865641213,9.130532132324532,10.926841118888653
685,2018,Q3,Austin,A,"Technology, Advertising, Media, and Information",320102.0,0.113183964764614,38.970189414851,34.5465880010741,-1.737506956985968,-10.829941204996253,-9.092434248010285
992,2018,Q4,Austin,A,"Technology, Advertising, Media, and Information",35266.5,0.118068961101072,39.6178594295194,35.5302277674249,1.6619627063490183,4.315979164201589,2.6540164578525705
1344,2019,Q1,Austin,A,"Technology, Advertising, Media, and Information",158042.25,0.106798297120807,40.5931219204743,36.0102238858244,2.4616738637530444,-9.545831415097172,-12.007505278850218
1698,2019,Q2,Austin,A,"Technology, Advertising, Media, and Information",29047.0,0.0980195865070729,41.404878141745,36.2009202973452,1.9997383371030297,-8.219897554924394,-10.219635892027423
2089,2019,Q3,Austin,A,"Technology, Advertising, Media, and Information",36426.4,0.147423017084962,41.2520092023684,37.4372063764514,-0.3692051425758902,50.40159047633224,50.77079561890813
2461,2019,Q4,Austin,A,"Technology, Advertising, Media, and Information",33313.666666666664,0.152551588644163,42.772846233870006,38.3496934180689,3.686698080670192,3.4788133227834583,-0.20788475788673377
2814,2020,Q1,Austin,A,"Technology, Advertising, Media, and Information",65172.333333333336,0.150733017423869,42.9457834129837,39.3397592012557,0.4043153410182798,-1.1921024464294105,-1.5964177874476904
3179,2020,Q2,Austin,A,"Technology, Advertising, Media, and Information",36361.333333333336,0.170395558721702,43.289261854383,39.6748126735839,0.7997954958610887,13.044614666301646,12.244819170440557
3495,2020,Q3,Austin,A,"Technology, Advertising, Media, and Information",55914.0,0.18571227595455,43.6191500461363,39.4194884332467,0.7620554789383505,8.988918107815236,8.226862628876885
4459,2021,Q2,Austin,A,"Technology, Advertising, Media, and Information",56612.25,0.23671497607927,50.3969203822095,44.5484616620843,15.538519959477215,27.46328957661477,11.924769617137555
4798,2021,Q3,Austin,A,"Technology, Advertising, Media, and Information",64855.25,0.225742887348294,51.3769266915903,45.2369965172462,1.9445757834971822,-4.635147683812669,-6.579723467309851
5162,2021,Q4,Austin,A,"Technology, Advertising, Media, and Information",166083.33333333334,0.21720712766737002,50.56986319933261,44.4476011940476,-1.570867594129166,-3.781186544209625,-2.2103189500804588
5543,2022,Q1,Austin,A,"Technology, Advertising, Media, and Information",89800.8,0.206008982845997,51.523338678298295,45.5460786437116,1.8854618514733579,-5.155514435291375,-7.0409762867647325
5895,2022,Q2,Austin,A,"Technology, Advertising, Media, and Information",35259.666666666664,0.201900294470272,49.731802177318706,44.1083990940046,-3.477135890136307,-1.9944219513944539,1.482713938741853
6251,2022,Q3,Austin,A,"Technology, Advertising, Media, and Information",36858.142857142855,0.207075510557094,50.2217935348735,44.9489854762547,0.9852676478679046,2.5632533624580844,1.5779857145901799
6972,2023,Q1,Austin,A,"Technology, Advertising, Media, and Information",13585.166666666666,0.261485806340444,51.81614173156439,46.2124332085802,3.174614215208771,26.27558209899872,23.10096788378995
7333,2023,Q2,Austin,A,"Technology, Advertising, Media, and Information",161419.0,0.320273923033994,50.5225380769557,45.8428219852807,-2.496526393860543,22.482335663378315,24.978862057238857
7763,2023,Q3,Austin,A,"Technology, Advertising, Media, and Information",23507.833333333332,0.329399048596216,50.9974370607565,46.66472157213351,0.9399745180605157,2.8491628278002112,1.9091883097396956
8159,2023,Q4,Austin,A,"Technology, Advertising, Media, and Information",100732.83333333333,0.322804731096664,50.4323028935321,46.07299917460741,-1.1081618994913778,-2.0019236630022585,-0.8937617635108808
8545,2024,Q1,Austin,A,"Technology, Advertising, Media, and Information",37878.0,0.319317858968834,51.10873343795189,46.346184818325206,1.3412644388811845,-1.0801799948792712,-2.4214444337604557
8908,2024,Q2,Austin,A,"Technology, Advertising, Media, and Information",21195.25,0.329113062477409,51.2054375714065,46.4701179559498,0.18921254147690192,3.067540143293712,2.8783276018168102
9346,2024,Q3,Austin,A,"Technology, Advertising, Media, and Information",65807.85714285714,0.34403390286605,51.258086067257,46.5241772824577,0.10281817390405124,4.533651832693564,4.4308336587895125
9801,2024,Q4,Austin,A,"Technology, Advertising, Media, and Information",16604.75,0.326,51.26,46.38,0.0037339137877401285,-5.241897009514062,-5.245630923301802
28,2018,Q1,Baltimore,A,"Technology, Advertising, Media, and Information",59161.0,0.166045187507275,27.104834876275,22.9540342193405,0.0,0.0,0.0
690,2018,Q3,Baltimore,A,"Technology, Advertising, Media, and Information",17572.5,0.175174104563805,26.6466892636878,23.5329756030893,-1.6902726568100768,5.497851032948509,7.188123689758585
1001,2018,Q4,Baltimore,A,"Technology, Advertising, Media, and Information",500.0,0.172309227061691,27.1711408382655,23.4786510455246,1.9681678627610388,-1.6354457807834843,-3.603613643544523
1352,2019,Q1,Baltimore,A,"Technology, Advertising, Media, and Information",2979.0,0.176224440001506,26.2933737745159,23.8385938980889,-3.230512362268678,2.272201556805342,5.50271391907402
1711,2019,Q2,Baltimore,A,"Technology, Advertising, Media, and Information",14237.666666666666,0.171880526783576,26.526372254732696,23.928685627753605,0.8861490435382091,-2.464989088853331,-3.35113813239154
2471,2019,Q4,Baltimore,A,"Technology, Advertising, Media, and Information",16500.0,0.172555246184904,26.8776306524428,24.2975739097407,1.3241855853373785,0.39255139250160553,-0.931634192835773
3183,2020,Q2,Baltimore,A,"Technology, Advertising, Media, and Information",10831.0,0.172091953654428,26.6655141460421,24.0818543520586,-0.7891934714915894,-0.26848939149584083,0.5207040799957485
3502,2020,Q3,Baltimore,A,"Technology, Advertising, Media, and Information",13732.0,0.185906798206531,26.9161282517602,24.3612497100691,0.9398435160317353,8.02759470082146,7.087751184789725
3819,2020,Q4,Baltimore,A,"Technology, Advertising, Media, and Information",1760.0,0.189414046006506,26.8429369432338,24.2956054090061,-0.27192361338824744,1.8865624247256685,2.158486038113916
4138,2021,Q1,Baltimore,A,"Technology, Advertising, Media, and Information",10703.0,0.192717143531838,26.8967136755602,24.6165658290944,0.20033848173963698,1.7438503611387768,1.5435118793991398
4468,2021,Q2,Baltimore,A,"Technology, Advertising, Media, and Information",13488.0,0.198078587334495,26.60568019693,24.5183242690784,-1.082041033491199,2.7820274337821083,3.864068467273307
4808,2021,Q3,Baltimore,A,"Technology, Advertising, Media, and Information",17653.0,0.202172376504353,26.3932081627862,24.4632132340167,-0.7985965123655014,2.0667499828968428,2.865346495262344
5551,2022,Q1,Baltimore,A,"Technology, Advertising, Media, and Information",7395.0,0.19995834335046,26.6516628936017,24.6731280232642,0.9792471200220199,-1.0951214959108446,-2.0743686159328645
5902,2022,Q2,Baltimore,A,"Technology, Advertising, Media, and Information",15252.0,0.206095639148732,26.4847891254588,24.6197593809653,-0.6261289166424211,3.069287180238023,3.695416096880444
6260,2022,Q3,Baltimore,A,"Technology, Advertising, Media, and Information",53320.0,0.208862509402176,26.1692156597771,24.4861293080684,-1.1915271976938202,1.3425176121495852,2.5340448098434054
6983,2023,Q1,Baltimore,A,"Technology, Advertising, Media, and Information",23707.0,0.203755687126129,25.5093519811377,23.9438186466671,-2.5215263889381,-2.445064119292728,0.07646226964537206
7341,2023,Q2,Baltimore,A,"Technology, Advertising, Media, and Information",9272.5,0.209044170753148,25.5888331141786,23.9211690044847,0.3115764489026063,2.5955023398906762,2.28392589098807
8553,2024,Q1,Baltimore,A,"Technology, Advertising, Media, and Information",27355.0,0.227191719160412,25.876343267294,23.9313215215301,1.1235766470183206,8.681202801246112,7.557626154227791
9359,2024,Q3,Baltimore,A,"Technology, Advertising, Media, and Information",4704.333333333333,0.23259987844558397,26.1722028475214,24.104463294383397,1.143359311519676,2.380438558745812,1.237079247226136
9811,2024,Q4,Baltimore,A,"Technology, Advertising, Media, and Information",19479.0,0.227,26.33,24.14,0.602918880760317,-2.407515637156288,-3.0104345179166048
38,2018,Q1,Boston,A,"Technology, Advertising, Media, and Information",33029.666666666664,0.128710561169455,42.2978803558738,32.409955936499,0.0,0.0,0.0
362,2018,Q2,Boston,A,"Technology, Advertising, Media, and Information",109620.0,0.140119587291467,45.7071930392714,35.2171633843862,8.06024475626983,8.864094770740172,0.803850014470342
698,2018,Q3,Boston,A,"Technology, Advertising, Media, and Information",440000.0,0.137949951214195,40.6083978170244,31.3996394787049,-11.15534532576994,-1.5484174048834953,9.606927920886445
1012,2018,Q4,Boston,A,"Technology, Advertising, Media, and Information",2161.0,0.138659650750013,42.0147611158493,32.9089536292717,3.4632326671979907,0.5144616069606478,-2.948771060237343
1362,2019,Q1,Boston,A,"Technology, Advertising, Media, and Information",104275.2,0.13057028542215,40.097773458164,29.911067095975405,-4.562652760060926,-5.833972092174944,-1.2713193321140182
1725,2019,Q2,Boston,A,"Technology, Advertising, Media, and Information",56783.2,0.133475194141079,42.1093472222838,34.3251786655952,5.016671976110043,2.2247854552336133,-2.79188652087643
2114,2019,Q3,Boston,A,"Technology, Advertising, Media, and Information",113557.0,0.135233131963102,39.9227871469943,32.558627393249,-5.192576516912606,1.3170520809768549,6.509628597889461
2484,2019,Q4,Boston,A,"Technology, Advertising, Media, and Information",113495.75,0.13467741390153,41.5128594731539,33.0167395469807,3.9828690324275495,-0.41093336633185595,-4.393802398759405
2833,2020,Q1,Boston,A,"Technology, Advertising, Media, and Information",8485.0,0.14360534337395,48.5495835947022,39.0574512639377,16.950709276239806,6.629121553334616,-10.321587722905189
3193,2020,Q2,Boston,A,"Technology, Advertising, Media, and Information",42845.5,0.144954408936908,49.8180867770744,39.8654309768449,2.6127993042367015,0.9394257422894237,-1.6733735619472778
3513,2020,Q3,Boston,A,"Technology, Advertising, Media, and Information",51103.0,0.162984792033735,49.9188555362622,40.4329649009289,0.20227344265291158,12.438657940149177,12.236384497496266
4149,2021,Q1,Boston,A,"Technology, Advertising, Media, and Information",162575.0,0.184152043923853,48.08321061822469,38.3950543239752,-3.6772576180238215,12.987255820614685,16.664513438638508
4477,2021,Q2,Boston,A,"Technology, Advertising, Media, and Information",79511.16666666667,0.17346623424395,48.051403259516,38.5375891538889,-0.06615065487459715,-5.802710332295636,-5.736559677421038
4818,2021,Q3,Boston,A,"Technology, Advertising, Media, and Information",168051.0,0.176724828002924,48.5770942089418,38.4923514477018,1.0940178928524613,1.8785176107480206,0.7844997178955593
5184,2021,Q4,Boston,A,"Technology, Advertising, Media, and Information",132566.5,0.169345990798582,50.113931283911,40.0078893655757,3.1637072986681503,-4.175325724023282,-7.339033022691432
5565,2022,Q1,Boston,A,"Technology, Advertising, Media, and Information",41000.0,0.157858329338769,50.2465639081971,38.8617171897006,0.2646621825270534,-6.783544981278167,-7.048207163805221
5912,2022,Q2,Boston,A,"Technology, Advertising, Media, and Information",149097.66666666666,0.18115597873316,55.4794413973738,43.4228293780424,10.414398681544501,14.758580995997672,4.344182314453171
6271,2022,Q3,Boston,A,"Technology, Advertising, Media, and Information",55274.666666666664,0.17859705476818,53.7066983545227,43.6542926734704,-3.1953152342572344,-1.4125528634907791,1.7827623707664553
6637,2022,Q4,Boston,A,"Technology, Advertising, Media, and Information",75653.66666666667,0.191780700300891,54.4344819245261,45.40872604401991,1.355107635176589,7.381782163106476,6.026674527929887
7351,2023,Q2,Boston,A,"Technology, Advertising, Media, and Information",28999.571428571428,0.206455607418395,53.7558366981995,45.8015512823211,-1.2467193630455453,7.651920706557047,8.898640069602592
7782,2023,Q3,Boston,A,"Technology, Advertising, Media, and Information",16263.0,0.216472810203719,52.1335981194562,45.1751774571462,-3.017790584957325,4.851988720763356,7.869779305720681
8182,2023,Q4,Boston,A,"Technology, Advertising, Media, and Information",23341.0,0.22267837680147898,53.92276278000529,46.451831139459195,3.4318840921923277,2.866672535881065,-0.5652115563112625
8929,2024,Q2,Boston,A,"Technology, Advertising, Media, and Information",15500.0,0.234983545441759,56.6276814988861,47.9903732537181,5.01628362388693,5.525982727658496,0.5096991037715659
9374,2024,Q3,Boston,A,"Technology, Advertising, Media, and Information",81250.0,0.25106099733753,56.7852453196484,49.070519805146,0.278245226701368,6.8419479608863965,6.5637027341850285
9824,2024,Q4,Boston,A,"Technology, Advertising, Media, and Information",41770.0,0.257,57.95,50.39,2.051157257127456,2.3655616465529716,0.3144043894255155
46,2018,Q1,Charlotte,A,"Technology, Advertising, Media, and Information",26858.0,0.158098670841308,28.5893701247036,26.0377348755077,0.0,0.0,0.0
370,2018,Q2,Charlotte,A,"Technology, Advertising, Media, and Information",12349.0,0.172824605948307,29.3791009452546,26.8226604382563,2.762323258981514,9.31439526255109,6.552072003569576
1028,2018,Q4,Charlotte,A,"Technology, Advertising, Media, and Information",14053.5,0.156721758803813,30.1201906009039,27.3965078864549,2.522506243571776,-9.317450519349357,-11.839956762921133
1371,2019,Q1,Charlotte,A,"Technology, Advertising, Media, and Information",13310.0,0.138676085322279,30.690289122477,27.7854535428581,1.8927453983508036,-11.514465903948846,-13.40721130229965
1739,2019,Q2,Charlotte,A,"Technology, Advertising, Media, and Information",16714.25,0.127505127377663,31.3941000964255,28.1455057090784,2.2932692850815783,-8.055432137888118,-10.348701422969697
2124,2019,Q3,Charlotte,A,"Technology, Advertising, Media, and Information",41964.75,0.116286874364242,31.2402676963843,28.3273203275024,-0.4900041713847836,-8.798275994182713,-8.30827182279793
2845,2020,Q1,Charlotte,A,"Technology, Advertising, Media, and Information",4496.0,0.117091706480325,32.7622308900977,29.8173801016577,4.871799462491633,0.6921091657877465,-4.179690296703886
3203,2020,Q2,Charlotte,A,"Technology, Advertising, Media, and Information",33515.0,0.130610609025063,33.8410611394741,30.7699509243613,3.2929083889170485,11.545567957889125,8.252659568972076
4489,2021,Q2,Charlotte,A,"Technology, Advertising, Media, and Information",13925.0,0.178548646904736,33.1025501167976,30.381952174239,-2.1822927467692765,36.703019944171714,38.88531269094099
5575,2022,Q1,Charlotte,A,"Technology, Advertising, Media, and Information",38912.666666666664,0.210669711717881,34.2200549852028,31.452248476930304,3.3758875508450137,17.990091423253986,14.614203872408972
5921,2022,Q2,Charlotte,A,"Technology, Advertising, Media, and Information",15681.0,0.225737167510147,35.081414769213,32.3113945825753,2.517119812877744,7.152169939095776,4.635050126218032
6278,2022,Q3,Charlotte,A,"Technology, Advertising, Media, and Information",23854.0,0.220186712234902,35.3963988153,32.5702033410449,0.8978658590571786,-2.458813201417309,-3.356679060474488
6647,2022,Q4,Charlotte,A,"Technology, Advertising, Media, and Information",7453.0,0.233454832737958,35.2026465396276,32.3945933027788,-0.5473784965623452,6.025849774668135,6.57322827123048
7007,2023,Q1,Charlotte,A,"Technology, Advertising, Media, and Information",23610.0,0.230318108668154,35.2141368856587,32.3594291481953,0.03264057439023027,-1.3436106817822147,-1.376251256172445
7367,2023,Q2,Charlotte,A,"Technology, Advertising, Media, and Information",11384.0,0.238843063155883,34.6261330856434,31.928283401549,-1.6697947245578049,3.701382638571382,5.371177363129187
8195,2023,Q4,Charlotte,A,"Technology, Advertising, Media, and Information",5816.5,0.258358731515859,35.2553737842515,32.4429791793529,1.8172421882967749,8.17091696200485,6.353674773708074
8570,2024,Q1,Charlotte,A,"Technology, Advertising, Media, and Information",13006.75,0.270167287314821,35.4666880085023,32.7145839531553,0.599381602203275,4.57060449618949,3.971222893986215
9834,2024,Q4,Charlotte,A,"Technology, Advertising, Media, and Information",13000.0,0.263,36.73,33.5,3.5619677574484587,-2.6529071620980726,-6.214874919546531
78,2018,Q1,Chicago Suburbs,A,"Technology, Advertising, Media, and Information",29828.0,0.26693061852051,26.3269727942067,23.1447656290899,0.0,0.0,0.0
727,2018,Q3,Chicago Suburbs,A,"Technology, Advertising, Media, and Information",17969.0,0.270430169278593,26.580911089354,23.4423866569039,0.9645556180434944,1.3110338474767724,0.346478229433278
1053,2018,Q4,Chicago Suburbs,A,"Technology, Advertising, Media, and Information",24891.0,0.265092360101782,27.1130316943204,23.5682177410697,2.001890014896901,-1.9738216305711265,-3.9757116454680275
1772,2019,Q2,Chicago Suburbs,A,"Technology, Advertising, Media, and Information",4476.0,0.260736062987097,27.4738058246421,23.7702058474828,1.330629987782861,-1.6433129619474518,-2.9739429497303127
4190,2021,Q1,Chicago Suburbs,A,"Technology, Advertising, Media, and Information",11255.0,0.312237731563839,27.4717219421816,24.3763763347172,-0.0075849792118387604,19.752414754874415,19.759999734086254
4516,2021,Q2,Chicago Suburbs,A,"Technology, Advertising, Media, and Information",2338.0,0.3174919536921,27.4612298946455,24.3118205797648,-0.038192172875739505,1.6827633553271326,1.7209555282028721
4857,2021,Q3,Chicago Suburbs,A,"Technology, Advertising, Media, and Information",70000.0,0.321618600076222,27.3410706436703,24.1589449764615,-0.43755961199184457,1.2997640841392766,1.7373236961311211
5224,2021,Q4,Chicago Suburbs,A,"Technology, Advertising, Media, and Information",27514.5,0.333858752849739,27.4409683678997,24.2522792571921,0.3653760510381687,3.8057975411298184,3.4404214900916497
5950,2022,Q2,Chicago Suburbs,A,"Technology, Advertising, Media, and Information",20904.0,0.330954204468751,28.8514455259976,25.5328189957745,5.140041485372171,-0.8699931801084859,-6.0100346654806565
6313,2022,Q3,Chicago Suburbs,A,"Technology, Advertising, Media, and Information",20755.0,0.340502741106694,28.7153080197889,25.3391146972863,-0.47185679513364054,2.8851534469158224,3.357010242049463
6673,2022,Q4,Chicago Suburbs,A,"Technology, Advertising, Media, and Information",21599.0,0.339587095089874,28.7696970852988,25.4033698166491,0.18940791257548995,-0.2689100281084267,-0.4583179406839166
7036,2023,Q1,Chicago Suburbs,A,"Technology, Advertising, Media, and Information",15005.0,0.33887921406417,30.186012708331,26.6912083415238,4.922942423873944,-0.20845345301377938,-5.131395876887723
7406,2023,Q2,Chicago Suburbs,A,"Technology, Advertising, Media, and Information",12862.0,0.343901676058922,30.1899727290482,26.8237295218083,0.01311872739027109,1.4820802770750596,1.4689615496847885
7830,2023,Q3,Chicago Suburbs,A,"Technology, Advertising, Media, and Information",10594.0,0.351225004361694,30.4057529998313,26.9577745505368,0.714741522689355,2.129483167019308,1.4147416443299532
8600,2024,Q1,Chicago Suburbs,A,"Technology, Advertising, Media, and Information",16500.0,0.357213129265853,30.6222434667148,27.0737833531705,0.712004951446854,1.7049255690213982,0.9929206175745442
9419,2024,Q3,Chicago Suburbs,A,"Technology, Advertising, Media, and Information",4286.5,0.349063130687561,30.917393366866,27.1199277785149,0.9638415306573389,-2.2815506795738294,-3.2453922102311683
9866,2024,Q4,Chicago Suburbs,A,"Technology, Advertising, Media, and Information",14624.25,0.341,31.36,27.71,1.431578101950648,-2.309934787921819,-3.741512889872467
115,2018,Q1,Detroit,A,"Technology, Advertising, Media, and Information",3531.0,0.190743112044281,20.9981865703684,18.7494093179193,0.0,0.0,0.0
438,2018,Q2,Detroit,A,"Technology, Advertising, Media, and Information",2910.0,0.188024913570561,21.3336500243945,18.8803566539298,1.597582976519929,-1.4250572115489857,-3.0226401880689147
2187,2019,Q3,Detroit,A,"Technology, Advertising, Media, and Information",100000.0,0.179898298930996,22.5687466598371,20.162439913919,5.789429535172341,-4.322094601849291,-10.111524137021632
2553,2019,Q4,Detroit,A,"Technology, Advertising, Media, and Information",18709.5,0.177450825752529,22.6046938437686,20.225982384794,0.1592786009489533,-1.3604759983893877,-1.519754599338341
3896,2020,Q4,Detroit,A,"Technology, Advertising, Media, and Information",41575.666666666664,0.205719603643525,22.0181635148458,20.2007454396434,-2.594728037356231,15.93048540130173,18.52521343865796
4548,2021,Q2,Detroit,A,"Technology, Advertising, Media, and Information",22500.0,0.207617909602638,21.5349659497851,20.3059283656453,-2.1945407242293435,0.9227637646057385,3.117304488835082
4894,2021,Q3,Detroit,A,"Technology, Advertising, Media, and Information",14790.25,0.224223205511086,21.4016654651649,20.3419576860771,-0.6189955671675018,7.998007464880574,8.617003032048077
5636,2022,Q1,Detroit,A,"Technology, Advertising, Media, and Information",23263.0,0.225034516089701,21.7950186174859,20.7429755155215,1.8379558028381204,0.36183167427552565,-1.4761241285625948
5982,2022,Q2,Detroit,A,"Technology, Advertising, Media, and Information",31728.0,0.243998832706408,21.6021271877557,20.5978535702324,-0.8850253037886779,8.427292375516139,9.312317679304817
6706,2022,Q4,Detroit,A,"Technology, Advertising, Media, and Information",14138.0,0.242754794984417,21.2633061295918,20.457056183343,-1.5684615464904073,-0.5098539645424838,1.0586075819479235
7083,2023,Q1,Detroit,A,"Technology, Advertising, Media, and Information",46564.0,0.246420267081408,21.780267515498,20.5131029594825,2.431237093401739,1.5099483811334302,-0.9212887122683089
7455,2023,Q2,Detroit,A,"Technology, Advertising, Media, and Information",18678.0,0.25851218081034,21.873883872096,20.4903746277339,0.42982188594049564,4.907028903161326,4.47720701722083
7865,2023,Q3,Detroit,A,"Technology, Advertising, Media, and Information",49250.0,0.255980942613337,21.2811071439954,20.2814948615418,-2.709974742330923,-0.9791562583505775,1.7308184839803453
8270,2023,Q4,Detroit,A,"Technology, Advertising, Media, and Information",13200.0,0.259941871748689,21.7581240841119,20.8990472487736,2.241504339453937,1.5473531329771806,-0.6941512064767563
8638,2024,Q1,Detroit,A,"Technology, Advertising, Media, and Information",33786.0,0.272669107691681,24.0066880842814,21.8757664459652,10.334365184595296,4.89618538843819,-5.4381797961571055
9035,2024,Q2,Detroit,A,"Technology, Advertising, Media, and Information",19467.0,0.258128524005611,24.0132090964122,21.8355579030725,0.027163314272704575,-5.332684662800791,-5.359847977073495
9468,2024,Q3,Detroit,A,"Technology, Advertising, Media, and Information",9962.0,0.266501710105176,23.6363991472463,21.6385459522153,-1.569177812315803,3.2438050509222327,4.812982863238036
123,2018,Q1,Houston,A,"Technology, Advertising, Media, and Information",32757.0,0.286657606239428,32.105381160916,27.9231235500487,0.0,0.0,0.0
770,2018,Q3,Houston,A,"Technology, Advertising, Media, and Information",14519.0,0.276736426618093,33.4397149273622,28.5122604771179,4.156106291834272,-3.4609860005069715,-7.617092292341243
1099,2018,Q4,Houston,A,"Technology, Advertising, Media, and Information",283000.0,0.273961924506506,33.8110851455203,28.629831733777,1.1105663399487486,-1.00257929376818,-2.1131456337169285
1824,2019,Q2,Houston,A,"Technology, Advertising, Media, and Information",28035.0,0.275262954994064,33.2015308569401,28.435689063275,-1.802823795677433,0.47489463723893177,2.2777184329163647
2207,2019,Q3,Houston,A,"Technology, Advertising, Media, and Information",44703.0,0.271341526358082,33.6539503515903,28.9562739556404,1.362646489403141,-1.4246118356415094,-2.7872583250446503
2569,2019,Q4,Houston,A,"Technology, Advertising, Media, and Information",27945.0,0.269029769480593,33.8033340836648,29.2384236675116,0.44388171526332787,-0.8519731235086647,-1.2958548387719926
2925,2020,Q1,Houston,A,"Technology, Advertising, Media, and Information",4440.0,0.271954914598816,33.5519019094965,29.1749350995026,-0.7438088016584188,1.0872942142687414,1.8311030159271602
3268,2020,Q2,Houston,A,"Technology, Advertising, Media, and Information",27229.5,0.279040376013136,33.4457165527564,28.8989416328022,-0.3164808869152158,2.6053809046887144,2.9218617916039302
3598,2020,Q3,Houston,A,"Technology, Advertising, Media, and Information",11536.666666666666,0.289417858444116,33.7631354100917,29.1156729920374,0.9490568301462776,3.718989552426444,2.769932722280166
4560,2021,Q2,Houston,A,"Technology, Advertising, Media, and Information",26000.0,0.328846123787408,33.5702399204849,28.8869396912138,-0.5713198352696347,13.623300771851055,14.19462060712069
4911,2021,Q3,Houston,A,"Technology, Advertising, Media, and Information",57433.5,0.330749239601793,33.693284752299,28.9825055433341,0.3665294978693723,0.5787253297883765,0.21219583191900426
5281,2021,Q4,Houston,A,"Technology, Advertising, Media, and Information",17297.0,0.328309425084213,33.8608666916566,29.1600387924989,0.49737489410603963,-0.737662925700866,-1.2350378198069056
5649,2022,Q1,Houston,A,"Technology, Advertising, Media, and Information",11086.0,0.329498417852822,33.9807683729977,29.3830671812025,0.35410104068791526,0.3621561483664548,0.008055107678539564
6724,2022,Q4,Houston,A,"Technology, Advertising, Media, and Information",9197.0,0.33277786365613,34.0191902224157,29.411412137379,0.11306939559534435,0.9952842337388024,0.882214838143458
7100,2023,Q1,Houston,A,"Technology, Advertising, Media, and Information",45108.0,0.322042795496871,35.0744863398781,30.2623125643082,3.102061250026611,-3.2258961101907624,-6.327957360217374
7474,2023,Q2,Houston,A,"Technology, Advertising, Media, and Information",45108.0,0.30533570784541,36.0440631722904,31.0702498060605,2.76433651234953,-5.187847045509619,-7.952183557859149
7878,2023,Q3,Houston,A,"Technology, Advertising, Media, and Information",4481.5,0.304971587274304,36.040067271164,31.1899683366738,-0.011086156150874604,-0.11925253475113529,-0.10816637860026068
8283,2023,Q4,Houston,A,"Technology, Advertising, Media, and Information",10890.0,0.309068800970483,36.2071633209184,31.4021498753014,0.46363967219364977,1.3434739061425338,0.879834233948884
9051,2024,Q2,Houston,A,"Technology, Advertising, Media, and Information",21964.0,0.312785431106605,36.7731442685278,31.8158165925787,1.5631739570230563,1.2025251738291498,-0.3606487831939065
9933,2024,Q4,Houston,A,"Technology, Advertising, Media, and Information",14134.333333333334,0.291,36.23,31.44,-1.4770134002184077,-6.964976287268321,-5.487962887049914
140,2018,Q1,Los Angeles,A,"Technology, Advertising, Media, and Information",32453.75,0.184320276839764,39.9017071694796,36.9589964321819,0.0,0.0,0.0
459,2018,Q2,Los Angeles,A,"Technology, Advertising, Media, and Information",22056.0,0.179306171471165,39.0330756919583,36.5813015155726,-2.1769281044338507,-2.720322177552903,-0.5433940731190523
789,2018,Q3,Los Angeles,A,"Technology, Advertising, Media, and Information",57457.5,0.17307764747697,41.8809174441537,39.4800003545481,7.295970665161078,-3.4736807679799586,-10.769651433141036
1114,2018,Q4,Los Angeles,A,"Technology, Advertising, Media, and Information",111425.5,0.172182298807205,41.501803130904,38.758575652246,-0.9052196952352709,-0.5173103995905204,0.3879092956447505
1467,2019,Q1,Los Angeles,A,"Technology, Advertising, Media, and Information",241871.0,0.16758692138018697,41.3381568023847,38.9477653021092,-0.3943113700460854,-2.66890235456988,-2.2745909845237944
1841,2019,Q2,Los Angeles,A,"Technology, Advertising, Media, and Information",205232.42857142858,0.16534475161513,43.9000767453665,40.8777631184886,6.1974701853034775,-1.3379145261403824,-7.53538471144386
2223,2019,Q3,Los Angeles,A,"Technology, Advertising, Media, and Information",52506.166666666664,0.161189939293341,43.6676686293245,41.2439019791331,-0.5294025279045211,-2.5128177829678355,-1.9834152550633144
2586,2019,Q4,Los Angeles,A,"Technology, Advertising, Media, and Information",40681.57142857143,0.161567601449494,44.6597065825791,42.1466819854416,2.271790513195393,0.2342963573338963,-2.0374941558614967
2945,2020,Q1,Los Angeles,A,"Technology, Advertising, Media, and Information",51952.357142857145,0.166440876652001,46.2708060803259,43.9092604025649,3.6075013049352567,3.0162453108090403,-0.5912559941262163
3282,2020,Q2,Los Angeles,A,"Technology, Advertising, Media, and Information",60274.0,0.172422142317747,46.1032212315651,43.6714950802595,-0.3621826870054301,3.5936278311317738,3.955810518137204
3613,2020,Q3,Los Angeles,A,"Technology, Advertising, Media, and Information",82562.77777777778,0.189848037346181,47.0767741906635,44.0772457530267,2.111680991244591,10.106529703314337,7.994848712069746
3930,2020,Q4,Los Angeles,A,"Technology, Advertising, Media, and Information",26166.0,0.219310981014031,48.1833814075709,45.0200092033628,2.350643679249509,15.519224786151131,13.168581106901623
4250,2021,Q1,Los Angeles,A,"Technology, Advertising, Media, and Information",40532.0,0.228833625652933,48.8378829323238,46.0618127276129,1.3583553200981147,4.3420737962467815,2.983718476148667
4577,2021,Q2,Los Angeles,A,"Technology, Advertising, Media, and Information",122658.33333333333,0.23781851549742097,48.4490046632468,45.9406482327203,-0.7962635678042895,3.9263853023572493,4.722648870161539
4927,2021,Q3,Los Angeles,A,"Technology, Advertising, Media, and Information",38921.0,0.247615317648095,49.2502303093587,46.3892091138824,1.653750477808491,4.119444665686789,2.465694187878298
5298,2021,Q4,Los Angeles,A,"Technology, Advertising, Media, and Information",85856.75,0.248964418920115,49.3198753988554,46.5839749011207,0.14141068794852885,0.5448375669300454,0.4034268789815165
5662,2022,Q1,Los Angeles,A,"Technology, Advertising, Media, and Information",66680.0,0.260972956830729,49.13597298019581,46.56291313847921,-0.37287689227183396,4.823395231616279,5.196272123888113
6008,2022,Q2,Los Angeles,A,"Technology, Advertising, Media, and Information",23394.0,0.256203643733801,48.7788882663957,46.4219194423307,-0.7267276745370199,-1.8275123809174842,-1.1007847063804643
6375,2022,Q3,Los Angeles,A,"Technology, Advertising, Media, and Information",70903.6,0.258345466054169,48.7223811399149,46.3229287014452,-0.11584340785339986,0.8359843322889748,0.9518277401423747
6741,2022,Q4,Los Angeles,A,"Technology, Advertising, Media, and Information",37006.4,0.266353832730667,48.5283629791113,46.1760560380801,-0.3982115739508796,3.0998673206127814,3.498078894563661
7115,2023,Q1,Los Angeles,A,"Technology, Advertising, Media, and Information",75122.66666666667,0.267810123110547,48.1255876023067,45.967044220846596,-0.829979319471319,0.5467503001365115,1.3767296196078305
7492,2023,Q2,Los Angeles,A,"Technology, Advertising, Media, and Information",34321.666666666664,0.270884692744548,48.3590043711065,46.0468335607182,0.4850159352415062,1.1480408575637924,0.6630249223222862
7894,2023,Q3,Los Angeles,A,"Technology, Advertising, Media, and Information",53433.7,0.27412252248712,48.5262927199678,46.3209688114324,0.3459300931374143,1.195279699922125,0.8493496067847106
8298,2023,Q4,Los Angeles,A,"Technology, Advertising, Media, and Information",20838.75,0.273542983705702,49.7464939011203,47.1982624947005,2.514515560036612,-0.2114159669040716,-2.7259315269406836
8665,2024,Q1,Los Angeles,A,"Technology, Advertising, Media, and Information",98743.66666666667,0.285767178516109,49.5255775393411,47.2389931692629,-0.44408428505194886,4.4688387341562,4.912923019208149
9069,2024,Q2,Los Angeles,A,"Technology, Advertising, Media, and Information",43907.375,0.286596621048781,49.2107534395837,46.8385278909253,-0.6356798151567644,0.29025115374654575,0.9259309689033102
9506,2024,Q3,Los Angeles,A,"Technology, Advertising, Media, and Information",37090.57142857143,0.294071040228575,49.2853585835328,46.8546568289022,0.15160333612995736,2.6079927782965084,2.456389442166551
9955,2024,Q4,Los Angeles,A,"Technology, Advertising, Media, and Information",29737.416666666668,0.295,50.080000000000005,47.41,1.6123275538725945,0.31589638024298594,-1.2964311736296086
156,2018,Q1,Manhattan,A,"Technology, Advertising, Media, and Information",53447.666666666664,0.12407067330404702,82.4648014546126,73.7398641513934,0.0,0.0,0.0
482,2018,Q2,Manhattan,A,"Technology, Advertising, Media, and Information",29683.0,0.120953251814838,82.0331156463172,73.9042202835504,-0.5234788669599699,-2.512617531759076,-1.989138664799106
807,2018,Q3,Manhattan,A,"Technology, Advertising, Media, and Information",27883.88888888889,0.125478899338069,82.0305648880271,74.6320855266435,-0.003109425102287844,3.741650146090425,3.744759571192713
1138,2018,Q4,Manhattan,A,"Technology, Advertising, Media, and Information",59733.47619047619,0.116270823895401,86.498436481122,77.408112510696,5.446593716858605,-7.338345722860806,-12.784939439719412
1484,2019,Q1,Manhattan,A,"Technology, Advertising, Media, and Information",48836.61538461538,0.114674775678671,87.4443949131549,77.8064325505542,1.093613330501464,-1.3726988106369853,-2.466312141138449
1858,2019,Q2,Manhattan,A,"Technology, Advertising, Media, and Information",191949.875,0.116603369962254,90.7220163633364,80.4832380705748,3.7482350394632657,1.681794686032001,-2.0664403534312648
2238,2019,Q3,Manhattan,A,"Technology, Advertising, Media, and Information",202749.15384615384,0.124085808994308,93.2743203569354,83.9109294521542,2.8133237067584416,6.417000670286077,3.6036769635276356
2604,2019,Q4,Manhattan,A,"Technology, Advertising, Media, and Information",190551.55555555556,0.119952811717961,94.191224222457,84.7466627584618,0.9830185435957706,-3.330757408799734,-4.313775952395504
2963,2020,Q1,Manhattan,A,"Technology, Advertising, Media, and Information",59881.64705882353,0.122607635165992,92.6380026344563,83.8847548747138,-1.649008812468944,2.213223191694036,3.86223200416298
3297,2020,Q2,Manhattan,A,"Technology, Advertising, Media, and Information",53249.8,0.126183617297435,91.6246837300247,82.8137630204747,-1.0938479626229514,2.9166063978003143,4.010454360423266
3628,2020,Q3,Manhattan,A,"Technology, Advertising, Media, and Information",226535.6,0.13559278670928,90.0782382282842,80.2506402610329,-1.6878044635844525,7.456728229359655,9.144532692944107
3945,2020,Q4,Manhattan,A,"Technology, Advertising, Media, and Information",54187.77777777778,0.148982557540151,87.8198143353636,77.6020269609933,-2.507180354923355,9.874987568165828,12.382167923089183
4267,2021,Q1,Manhattan,A,"Technology, Advertising, Media, and Information",25423.1,0.168672138969863,86.4952957701274,76.2601288389639,-1.5082229167305838,13.21603129574791,14.724254212478495
4597,2021,Q2,Manhattan,A,"Technology, Advertising, Media, and Information",34143.916666666664,0.182591499056777,85.1400961778736,75.5608003900487,-1.5667899394845919,8.252317289579757,9.819107229064349
4944,2021,Q3,Manhattan,A,"Technology, Advertising, Media, and Information",29397.0,0.183847881391729,84.3944533531745,75.0503853127382,-0.8757833948664029,0.688083695813968,1.5638670906803709
5319,2021,Q4,Manhattan,A,"Technology, Advertising, Media, and Information",70606.43478260869,0.18844822936393,85.3797991640528,75.9986816877327,1.1675480694860685,2.502257810846853,1.3347097413607845
5680,2022,Q1,Manhattan,A,"Technology, Advertising, Media, and Information",52519.230769230766,0.196397520213007,86.9926396076674,77.3074068900334,1.8890187836066552,4.2182889570829385,2.3292701734762833
6026,2022,Q2,Manhattan,A,"Technology, Advertising, Media, and Information",47050.40909090909,0.18977406872492397,86.2667527081738,77.1341939388387,-0.8344233520988897,-3.3724720561132404,-2.5380487040143507
6395,2022,Q3,Manhattan,A,"Technology, Advertising, Media, and Information",37052.375,0.177873046431541,84.6355446987192,75.8876773567012,-1.8908883877578053,-6.271153047065359,-4.380264659307553
6760,2022,Q4,Manhattan,A,"Technology, Advertising, Media, and Information",21238.571428571428,0.188402158999021,86.34943176604231,77.0401369185529,2.025020425430135,5.919453665810126,3.894433240379991
7133,2023,Q1,Manhattan,A,"Technology, Advertising, Media, and Information",120165.75,0.192653538635892,86.36049955224878,77.08200750379,0.012817439536205733,2.256545073293492,2.2437276337572865
7515,2023,Q2,Manhattan,A,"Technology, Advertising, Media, and Information",35656.142857142855,0.19635694752822,86.9186202911424,77.6167126379485,0.6462685391901424,1.9223155300185368,1.2760469908283945
7911,2023,Q3,Manhattan,A,"Technology, Advertising, Media, and Information",22144.0,0.193870227206906,86.9474143803604,77.5326379618484,0.03312764183502903,-1.2664284878214582,-1.2995561296564873
8318,2023,Q4,Manhattan,A,"Technology, Advertising, Media, and Information",37345.0,0.193235792927974,84.6765611010394,75.9978739527588,-2.61175481238225,-0.3272468847188792,2.2845079276633706
8680,2024,Q1,Manhattan,A,"Technology, Advertising, Media, and Information",24251.35714285714,0.203838961806841,84.8923347134885,76.2812294221735,0.2548209441236349,5.487166077362904,5.232345133239269
9093,2024,Q2,Manhattan,A,"Technology, Advertising, Media, and Information",85766.55555555556,0.199924398968062,86.0903147571715,76.6259509200918,1.411175753059668,-1.920419336951129,-3.331595090010797
9530,2024,Q3,Manhattan,A,"Technology, Advertising, Media, and Information",30196.75,0.193288088880887,85.4876840476282,75.9093678931504,-0.6999982648955183,-3.3194097976181225,-2.619411532722604
9977,2024,Q4,Manhattan,A,"Technology, Advertising, Media, and Information",136206.85714285713,0.179828729298969,84.8278282726676,75.0925339814639,-0.7718723256006976,-6.9633673030997105,-6.191494977499013
1875,2019,Q2,Nashville,A,"Technology, Advertising, Media, and Information",193671.0,0.152996492680831,32.009139905833,29.3633667033295,0.0,0.0,0.0
2254,2019,Q3,Nashville,A,"Technology, Advertising, Media, and Information",748650.0,0.150955207802782,32.2200739061791,29.5437475354771,0.6589805317063879,-1.3342037077329394,-1.9931842394393273
4282,2021,Q1,Nashville,A,"Technology, Advertising, Media, and Information",34600.0,0.181108358945411,30.7799075337342,28.8141442532177,-4.4697798541322165,19.97489956227487,24.444679416407087
5700,2022,Q1,Nashville,A,"Technology, Advertising, Media, and Information",29000.0,0.202941050802106,33.5489055759227,30.7789741146164,8.996122029131293,12.055043722899473,3.0589216937681805
7933,2023,Q3,Nashville,A,"Technology, Advertising, Media, and Information",20347.0,0.226511818030647,33.9771463592329,31.7898109123203,1.2764672228757767,11.6145881453652,10.338120922489423
8703,2024,Q1,Nashville,A,"Technology, Advertising, Media, and Information",83789.0,0.232257624457554,36.5465966017165,33.6651451337419,7.562289708845382,2.5366475254415155,-5.025642183403867
9117,2024,Q2,Nashville,A,"Technology, Advertising, Media, and Information",46627.666666666664,0.23955371275739,37.1725470468682,34.4029769124653,1.712746201714177,3.141377303275328,1.4286311015611508
9557,2024,Q3,Nashville,A,"Technology, Advertising, Media, and Information",42522.0,0.263204914590152,37.7100713136719,34.8796449614342,1.4460248476542814,9.873026621263392,8.42700177360911
180,2018,Q1,Northern New Jersey,A,"Technology, Advertising, Media, and Information",1503.0,0.265192920528313,28.4729600568076,27.2761286212903,0.0,0.0,0.0
508,2018,Q2,Northern New Jersey,A,"Technology, Advertising, Media, and Information",41398.5,0.268604806007385,28.4283263168331,27.20733577737,-0.15675834154738055,1.286567330785049,1.4433256723324295
830,2018,Q3,Northern New Jersey,A,"Technology, Advertising, Media, and Information",19892.333333333332,0.255989181975628,28.2037743342289,27.1155870884333,-0.7898881562761528,-4.696723122448587,-3.906834966172434
1163,2018,Q4,Northern New Jersey,A,"Technology, Advertising, Media, and Information",16643.0,0.252620409979892,28.173788017713996,27.3974623111869,-0.10632022565331134,-1.3159821714875064,-1.209661945834195
1513,2019,Q1,Northern New Jersey,A,"Technology, Advertising, Media, and Information",33054.0,0.24819081915238503,29.6522065171621,28.5677594132265,5.247496355543535,-1.7534572237688728,-7.000953579312408
1887,2019,Q2,Northern New Jersey,A,"Technology, Advertising, Media, and Information",12992.0,0.245431530110246,29.6993131123202,28.6555475686613,0.15886370928530624,-1.111761124590549,-1.2706248338758552
2266,2019,Q3,Northern New Jersey,A,"Technology, Advertising, Media, and Information",26269.0,0.247818764411324,30.271198387563,29.228187269793903,1.925584181290585,0.9726681408886995,-0.9529160404018855
2629,2019,Q4,Northern New Jersey,A,"Technology, Advertising, Media, and Information",30000.0,0.244702196586281,30.7361976425641,29.5398633508727,1.536111154397335,-1.257599614156002,-2.793710768553337
2992,2020,Q1,Northern New Jersey,A,"Technology, Advertising, Media, and Information",26823.0,0.247458903116452,30.2428587324615,29.1007974459663,-1.6050746284225315,1.1265556944843214,2.731630322906853
3321,2020,Q2,Northern New Jersey,A,"Technology, Advertising, Media, and Information",47287.333333333336,0.251735862067739,30.073832317383005,28.9240309228767,-0.5588969500990637,1.7283512120290556,2.2872481621281193
3651,2020,Q3,Northern New Jersey,A,"Technology, Advertising, Media, and Information",31375.0,0.267695155439708,30.0611196868617,28.9147826143143,-0.04227140188567402,6.33969798378371,6.381969385669384
3967,2020,Q4,Northern New Jersey,A,"Technology, Advertising, Media, and Information",27693.0,0.272965677705432,29.7819188599112,28.5986224134998,-0.9287772041056908,1.9688523152639137,2.8976295193696044
4294,2021,Q1,Northern New Jersey,A,"Technology, Advertising, Media, and Information",58393.0,0.277944338141414,30.2502598084709,29.1090074818033,1.5725680764986594,1.8239144488175096,0.25134637231885026
4625,2021,Q2,Northern New Jersey,A,"Technology, Advertising, Media, and Information",76218.66666666667,0.288421357756778,30.2505998686284,29.2838555216403,0.001124156154852507,3.769466823977341,3.7683426678224885
4972,2021,Q3,Northern New Jersey,A,"Technology, Advertising, Media, and Information",11303.0,0.289180986727663,30.786866909771003,29.7079205415687,1.7727484528290205,0.2633747295252675,-1.509373723303753
5348,2021,Q4,Northern New Jersey,A,"Technology, Advertising, Media, and Information",161149.0,0.285044160492148,30.791322910476,29.7717149491871,0.014473706330875302,-1.430531890193354,-1.4450055965242292
5717,2022,Q1,Northern New Jersey,A,"Technology, Advertising, Media, and Information",79550.0,0.281457078439495,30.4336509302528,29.6229795134225,-1.1615999132713828,-1.2584302889978916,-0.09683037572650877
6060,2022,Q2,Northern New Jersey,A,"Technology, Advertising, Media, and Information",13371.0,0.276160607904794,31.2602928399674,30.3917563262318,2.7162101307170783,-1.8818039908843787,-4.598014121601457
6428,2022,Q3,Northern New Jersey,A,"Technology, Advertising, Media, and Information",56633.666666666664,0.270477788923822,31.5258446937375,30.6611420784395,0.8494861360690331,-2.0577949274109164,-2.9072810634799495
6793,2022,Q4,Northern New Jersey,A,"Technology, Advertising, Media, and Information",34100.8,0.26486209919836,32.471722192871,31.469989104126,3.0003240462622482,-2.0762110440956105,-5.076535090357859
7162,2023,Q1,Northern New Jersey,A,"Technology, Advertising, Media, and Information",43546.0,0.280290900632378,32.5778123075278,31.537083533737,0.3267153926319821,5.8252205508886545,5.498505158256672
7548,2023,Q2,Northern New Jersey,A,"Technology, Advertising, Media, and Information",24361.0,0.287006118958829,32.6945140770246,31.6148743551611,0.35822469721158434,2.395803185654777,2.0375784884431924
7951,2023,Q3,Northern New Jersey,A,"Technology, Advertising, Media, and Information",17373.333333333332,0.288111926701752,32.8341030304632,31.734341281961104,0.4269491606749165,0.3852906505737774,-0.04165851010113908
8352,2023,Q4,Northern New Jersey,A,"Technology, Advertising, Media, and Information",181118.5,0.28722798571241,32.6519841375456,31.5932559873657,-0.55466382848538,-0.3068047197702706,0.2478591087151094
8718,2024,Q1,Northern New Jersey,A,"Technology, Advertising, Media, and Information",12640.5,0.282587403523376,32.7452137389672,31.5111784260543,0.285525072623094,-1.6156441641729136,-1.9011692367960076
9134,2024,Q2,Northern New Jersey,A,"Technology, Advertising, Media, and Information",21701.2,0.279621480808018,32.7557516577412,31.476590251974095,0.03218155440365411,-1.0495594206882841,-1.0817409750919382
9573,2024,Q3,Northern New Jersey,A,"Technology, Advertising, Media, and Information",33188.0,0.282600023363885,32.6759192544602,31.357191562086,-0.24372026053670615,1.0652052007091628,1.308925461245869
10021,2024,Q4,Northern New Jersey,A,"Technology, Advertising, Media, and Information",11431.5,0.275,32.87,31.68,0.5939564975308453,-2.689321562475222,-3.2832780600060674
189,2018,Q1,Northern Virginia,A,"Technology, Advertising, Media, and Information",68181.8,0.219412382805741,33.6637973930237,31.837886925961904,0.0,0.0,0.0
522,2018,Q2,Northern Virginia,A,"Technology, Advertising, Media, and Information",36229.125,0.216159745326483,34.4448668610663,32.3010111130319,2.320206062684016,-1.4824311361395504,-3.8026371988235663
845,2018,Q3,Northern Virginia,A,"Technology, Advertising, Media, and Information",16974.333333333332,0.22881957937461098,34.8123431501444,32.8066892814417,1.0668535621296327,5.856702888415621,4.789849326285989
1176,2018,Q4,Northern Virginia,A,"Technology, Advertising, Media, and Information",27055.8,0.224739392358009,34.3963200551224,32.6030846355442,-1.195044795541933,-1.783145929973995,-0.5881011344320619
1527,2019,Q1,Northern Virginia,A,"Technology, Advertising, Media, and Information",22307.076923076922,0.229939842420441,34.9627681009962,33.1982717092558,1.6468274657464255,2.3139913336366558,0.6671638678902303
1903,2019,Q2,Northern Virginia,A,"Technology, Advertising, Media, and Information",33900.6,0.2195948226992,36.1948400156354,34.0640594340501,3.5239541419607834,-4.499011398957686,-8.02296554091847
2283,2019,Q3,Northern Virginia,A,"Technology, Advertising, Media, and Information",61447.181818181816,0.21449755003586002,37.058763263328,34.9854055860789,2.3868685351818186,-2.321217140133669,-4.708085675315488
2644,2019,Q4,Northern Virginia,A,"Technology, Advertising, Media, and Information",51623.818181818184,0.210865713698189,37.1336654363902,35.1689766095543,0.20211730361852087,-1.6931831328907299,-1.8953004365092507
3008,2020,Q1,Northern Virginia,A,"Technology, Advertising, Media, and Information",22162.571428571428,0.214197288407443,36.8936391694203,35.121614996529,-0.6463845250641143,1.5799508847713861,2.2263354098355004
3335,2020,Q2,Northern Virginia,A,"Technology, Advertising, Media, and Information",67222.41666666667,0.212165122042368,36.7874303333248,34.9968262999559,-0.2878784486609498,-0.9487358034194315,-0.6608573547584817
3667,2020,Q3,Northern Virginia,A,"Technology, Advertising, Media, and Information",26144.5,0.223527259878149,36.8361260011617,35.0151301208127,0.13237039770290782,5.355327834474144,5.222957436771236
3985,2020,Q4,Northern Virginia,A,"Technology, Advertising, Media, and Information",50199.5,0.23832302927408,36.7448100286092,35.0190030424218,-0.24789787218564285,6.619223715262557,6.8671215874481994
4307,2021,Q1,Northern Virginia,A,"Technology, Advertising, Media, and Information",39561.3,0.254864682839945,36.3246576954526,34.7472340390323,-1.1434331347188187,6.940854023318721,8.08428715803754
4640,2021,Q2,Northern Virginia,A,"Technology, Advertising, Media, and Information",19493.5,0.260314721484815,36.0987552802222,34.5833934839597,-0.6218982629495828,2.1384048131504407,2.7603030761000236
4989,2021,Q3,Northern Virginia,A,"Technology, Advertising, Media, and Information",26261.25,0.260625371252803,36.4759864886024,34.8364159580215,1.0449978273541216,0.11933622740045724,-0.9256615999536644
5363,2021,Q4,Northern Virginia,A,"Technology, Advertising, Media, and Information",26045.333333333332,0.259606435956287,36.7302545189399,35.2510958741322,0.6970833548722633,-0.390957830244254,-1.0880411851165173
5731,2022,Q1,Northern Virginia,A,"Technology, Advertising, Media, and Information",23222.875,0.270460156712076,36.6810960615708,35.3003835228305,-0.133836419085398,4.180836548141875,4.314672967227273
6074,2022,Q2,Northern Virginia,A,"Technology, Advertising, Media, and Information",53989.0,0.262769108625443,36.5608318727699,35.281168884854,-0.3278642181221314,-2.843689872893429,-2.5158256547712976
6450,2022,Q3,Northern Virginia,A,"Technology, Advertising, Media, and Information",41341.833333333336,0.263316466481455,36.6707312108231,35.4050451973374,0.3005931003857931,0.20830373055464868,-0.09228936983114444
6811,2022,Q4,Northern Virginia,A,"Technology, Advertising, Media, and Information",28967.153846153848,0.263880967201349,36.4848643638199,35.3467778921222,-0.5068533974264988,0.21438109338056677,0.7212344908070656
7176,2023,Q1,Northern Virginia,A,"Technology, Advertising, Media, and Information",27335.625,0.270596891588049,36.4382429936242,35.3867098766209,-0.127782769673479,2.5450582730264015,2.6728410426998805
7567,2023,Q2,Northern Virginia,A,"Technology, Advertising, Media, and Information",22004.6,0.277301455084854,36.7208646432938,35.5277438693161,0.775618214410212,2.477694203158798,1.702075988748586
7965,2023,Q3,Northern Virginia,A,"Technology, Advertising, Media, and Information",14046.375,0.272925617354183,36.5014285385421,35.3449370332175,-0.5975788067173804,-1.5780074898387952,-0.9804286831214148
8365,2023,Q4,Northern Virginia,A,"Technology, Advertising, Media, and Information",12900.0,0.272027572705409,36.3639000214275,35.2786301298159,-0.3767757115845094,-0.3290437363410281,0.04773197524348127
8734,2024,Q1,Northern Virginia,A,"Technology, Advertising, Media, and Information",18657.375,0.270136903427531,36.3050838321888,35.2950018192306,-0.16174334767183884,-0.695028544009213,-0.5332851963373741
9152,2024,Q2,Northern Virginia,A,"Technology, Advertising, Media, and Information",25297.75,0.270234256392932,36.2818975531959,35.2572608740939,-0.06386510247455846,0.03603838060102227,0.09990348307558072
9591,2024,Q3,Northern Virginia,A,"Technology, Advertising, Media, and Information",66999.16666666667,0.281005226975478,36.5510508834729,35.4774200018329,0.7418391771884858,3.985790227455288,3.2439510502668023
10035,2024,Q4,Northern Virginia,A,"Technology, Advertising, Media, and Information",25359.0,0.283,36.37,35.41,-0.4953370124708645,0.7098704340813056,1.20520744655217
866,2018,Q3,Philadelphia,A,"Technology, Advertising, Media, and Information",107131.5,0.172103253375191,29.2249576699595,27.8004551668035,0.0,0.0,0.0
1200,2018,Q4,Philadelphia,A,"Technology, Advertising, Media, and Information",4000.0,0.172343739462567,29.1386926607641,27.9779109402998,-0.29517582256097796,0.13973360913273059,0.43490943169370855
1937,2019,Q2,Philadelphia,A,"Technology, Advertising, Media, and Information",26175.75,0.169852759124608,29.4664384139111,28.0457017660982,1.1247785100129581,-1.445355860170383,-2.5701343701833412
2312,2019,Q3,Philadelphia,A,"Technology, Advertising, Media, and Information",57236.666666666664,0.166261888799055,29.896298281467505,28.6856526054534,1.45881175565985,-2.11410773899684,-3.57291949465669
2672,2019,Q4,Philadelphia,A,"Technology, Advertising, Media, and Information",15698.5,0.16104705226981,30.220851285862,28.9592685336788,1.0855959535153614,-3.1365194795469287,-4.2221154330622905
3035,2020,Q1,Philadelphia,A,"Technology, Advertising, Media, and Information",17040.0,0.155049363528013,30.5488601805556,28.738124755014503,1.0853727831520388,-3.7241841171664514,-4.809556900318491
3359,2020,Q2,Philadelphia,A,"Technology, Advertising, Media, and Information",17048.5,0.159630980611484,30.5886337990948,28.770041532523,0.13019673501442064,2.9549409163767804,2.8247441813623597
3691,2020,Q3,Philadelphia,A,"Technology, Advertising, Media, and Information",4200.0,0.165998945829159,30.6109860485334,28.8953204131847,0.07307370961844306,3.989178788028358,3.916105078409915
4011,2020,Q4,Philadelphia,A,"Technology, Advertising, Media, and Information",8372.166666666666,0.179268960540384,30.5258360780777,28.9079916345369,-0.2781680090954919,7.994035531335286,8.272203540430779
4332,2021,Q1,Philadelphia,A,"Technology, Advertising, Media, and Information",2645.0,0.196776643632117,30.6612930347293,29.048830355053,0.44374527958919163,9.766154184727949,9.322408905138758
4666,2021,Q2,Philadelphia,A,"Technology, Advertising, Media, and Information",28961.5,0.207805677268813,31.1215822857621,29.4107175086059,1.5012062619519595,5.6048489460544415,4.103642684102482
5020,2021,Q3,Philadelphia,A,"Technology, Advertising, Media, and Information",7455.0,0.213196947295321,31.32313670829,29.690964219569,0.6476355240463194,2.5943805276955834,1.946745003649264
5394,2021,Q4,Philadelphia,A,"Technology, Advertising, Media, and Information",13311.5,0.212947124480492,30.8592347987329,29.4156086763444,-1.4810199689685777,-0.11717935833430726,1.3638406106342704
5758,2022,Q1,Philadelphia,A,"Technology, Advertising, Media, and Information",17255.333333333332,0.21877831083437096,31.469416404719897,29.788664801743,1.977306339469087,2.7383259426981166,0.7610196032290295
6102,2022,Q2,Philadelphia,A,"Technology, Advertising, Media, and Information",12515.666666666666,0.221382019532539,31.8611708330656,30.2489692544862,1.244873509274691,1.190112807909549,-0.054760701365141884
6485,2022,Q3,Philadelphia,A,"Technology, Advertising, Media, and Information",50850.0,0.218423573962324,32.1679660448192,30.3769923733801,0.9629125475677958,-1.3363531403597806,-2.2992656879275764
7204,2023,Q1,Philadelphia,A,"Technology, Advertising, Media, and Information",4481.0,0.246444537117956,33.4962932614929,31.4809770563001,4.129347857501964,12.828726610098107,8.699378752596143
7991,2023,Q3,Philadelphia,A,"Technology, Advertising, Media, and Information",6107.0,0.26358959321192,33.2761038430967,31.2709317271907,-0.6573545815271808,6.9569633372549955,7.614317918782176
8760,2024,Q1,Philadelphia,A,"Technology, Advertising, Media, and Information",64390.0,0.270730859033105,33.4047110718053,31.5945085680491,0.3864852367182481,2.709236633421863,2.322751396703615
9629,2024,Q3,Philadelphia,A,"Technology, Advertising, Media, and Information",2882.0,0.267261041450177,33.7516681758669,32.0588972416305,1.0386472234882982,-1.2816483482231078,-2.320295571711406
10060,2024,Q4,Philadelphia,A,"Technology, Advertising, Media, and Information",29416.0,0.259,33.89,32.28,0.40985181358239586,-3.0910009948894923,-3.500852808471888
558,2018,Q2,Phoenix,A,"Technology, Advertising, Media, and Information",15000.0,0.186043080107975,30.4077891933069,26.2318194631733,0.0,0.0,0.0
871,2018,Q3,Phoenix,A,"Technology, Advertising, Media, and Information",21344.0,0.199782723138624,30.7286629269632,26.8166952935553,1.0552353267659687,7.385194344597412,6.3299590178314435
1206,2018,Q4,Phoenix,A,"Technology, Advertising, Media, and Information",9254.0,0.200136500358666,30.956143763769,27.361707772669,0.7402887569383676,0.17708098802744487,-0.5632077689109227
1948,2019,Q2,Phoenix,A,"Technology, Advertising, Media, and Information",17933.5,0.182998261657018,31.3174600912291,27.3955181293774,1.1671877809373177,-8.56327490034774,-9.730462681285058
2325,2019,Q3,Phoenix,A,"Technology, Advertising, Media, and Information",347851.0,0.188894810990634,31.793349095507,27.8641433707097,1.5195644949865583,3.222188713829155,1.7026242188425966
2684,2019,Q4,Phoenix,A,"Technology, Advertising, Media, and Information",238838.0,0.180691084818205,31.619101512516,27.7364464112614,-0.5480630004330855,-4.343012986648819,-3.794949986215734
3052,2020,Q1,Phoenix,A,"Technology, Advertising, Media, and Information",61619.5,0.17351267092164,31.7159027057289,27.7883279263518,0.3061478302113896,-3.9727548837217297,-4.278902713933119
3369,2020,Q2,Phoenix,A,"Technology, Advertising, Media, and Information",13306.0,0.182663582397304,31.9660791014316,28.1352213647081,0.7888042728088962,5.273915401715312,4.485111128906416
3705,2020,Q3,Phoenix,A,"Technology, Advertising, Media, and Information",31622.0,0.22176324613419,31.948333689138,28.283342713447,-0.05551325903090376,21.40528682495777,21.460800083988673
4022,2020,Q4,Phoenix,A,"Technology, Advertising, Media, and Information",21733.333333333332,0.22567669235117802,31.7877803099735,28.094273538309,-0.5025406981368996,1.7646955864904612,2.267236284627361
4341,2021,Q1,Phoenix,A,"Technology, Advertising, Media, and Information",34117.5,0.237650516883185,31.6169678516668,28.365137908908,-0.5373525821590786,5.305742656567469,5.843095238726548
5035,2021,Q3,Phoenix,A,"Technology, Advertising, Media, and Information",26910.666666666668,0.250451080676144,31.117153093638603,28.0019403092692,-1.5808434267736038,5.386297476159507,6.967140902933111
5771,2022,Q1,Phoenix,A,"Technology, Advertising, Media, and Information",22251.0,0.270327603071741,31.3401386163803,28.266690008175,0.7166000118027593,7.9362893312084015,7.219689319405642
6113,2022,Q2,Phoenix,A,"Technology, Advertising, Media, and Information",34998.0,0.279688876498896,30.8413777697243,28.3163400428593,-1.5914442905345605,3.4629365705842075,5.0543808611187675
6494,2022,Q3,Phoenix,A,"Technology, Advertising, Media, and Information",27135.0,0.300768839228648,30.7207669921425,28.3618606251604,-0.3910680595475835,7.536932821078857,7.92800088062644
6843,2022,Q4,Phoenix,A,"Technology, Advertising, Media, and Information",11500.0,0.314567350341337,31.3165668522397,28.9456594509583,1.9394042481087448,4.587746239961787,2.6483419918530426
7605,2023,Q2,Phoenix,A,"Technology, Advertising, Media, and Information",1000.0,0.327000004708619,31.4660134773982,29.390713339829,0.477212671055649,3.95230285463235,3.475090183576701
8005,2023,Q3,Phoenix,A,"Technology, Advertising, Media, and Information",35240.5,0.336522322747872,31.8083363741271,29.6684692759077,1.0879131446847934,2.9120238232834605,1.8241106785986672
8408,2023,Q4,Phoenix,A,"Technology, Advertising, Media, and Information",10651.0,0.348185476496035,32.8154426906679,30.343167873724,3.166170983277139,3.4657890308516626,0.2996180475745236
9193,2024,Q2,Phoenix,A,"Technology, Advertising, Media, and Information",22958.333333333332,0.33295141979333,32.5112967883257,30.488540939592,-0.9268377245713388,-4.375270575904821,-3.4484328513334823
9637,2024,Q3,Phoenix,A,"Technology, Advertising, Media, and Information",39843.0,0.338681972970375,32.5092652798307,30.5173389876834,-0.006248623388438457,1.7211379307534136,1.727386554141852
10072,2024,Q4,Phoenix,A,"Technology, Advertising, Media, and Information",22479.666666666668,0.33,32.63,30.45,0.3713855700214985,-2.5634588384585877,-2.934844408480086
1980,2019,Q2,Salt Lake City,A,"Technology, Advertising, Media, and Information",17493.0,0.103955003714651,29.3597989352862,25.0935096889513,0.0,0.0,0.0
5787,2022,Q1,Salt Lake City,A,"Technology, Advertising, Media, and Information",20467.0,0.146656302403103,28.309344839789,25.4110468796593,-3.5778654268463272,41.07671315722714,44.65457858407347
6133,2022,Q2,Salt Lake City,A,"Technology, Advertising, Media, and Information",18886.0,0.200806652405616,30.1917142067808,27.1013353059056,6.649286225607454,36.92330238469672,30.274016159089264
6514,2022,Q3,Salt Lake City,A,"Technology, Advertising, Media, and Information",79025.0,0.211474656237267,29.5061471248584,26.5998640722383,-2.2707126770841857,5.312574909173007,7.5832875862571925
6863,2022,Q4,Salt Lake City,A,"Technology, Advertising, Media, and Information",6800.0,0.218333234988244,28.9438885306642,26.436707578258,-1.9055642602707312,3.243215462793758,5.148779723064489
7241,2023,Q1,Salt Lake City,A,"Technology, Advertising, Media, and Information",15799.0,0.212362008256744,28.9036166436658,26.7331157822026,-0.13913779054163244,-2.7349142386964176,-2.595776448154785
7626,2023,Q2,Salt Lake City,A,"Technology, Advertising, Media, and Information",26021.0,0.204444767037225,29.3264488283002,27.0967418470392,1.462904071304405,-3.7281815539939367,-5.191085625298342
8032,2023,Q3,Salt Lake City,A,"Technology, Advertising, Media, and Information",30344.0,0.209129312149854,29.2061267239938,27.0480880718478,-0.4102852855143113,2.2913499721790576,2.701635257693369
8433,2023,Q4,Salt Lake City,A,"Technology, Advertising, Media, and Information",26294.5,0.211338504699972,29.5574517441113,27.0618914830597,1.2029154822124077,1.0563763287926742,-0.14653915341973356
8792,2024,Q1,Salt Lake City,A,"Technology, Advertising, Media, and Information",29965.5,0.220650634559827,29.7725440720772,27.213838204843,0.7277093094087528,4.406262774062397,3.6785534646536444
9213,2024,Q2,Salt Lake City,A,"Technology, Advertising, Media, and Information",16375.5,0.213210754049673,30.2151782942971,27.3051102023729,1.4867195129456112,-3.371792029964349,-4.858511542909961
9657,2024,Q3,Salt Lake City,A,"Technology, Advertising, Media, and Information",27468.5,0.22404125410696,30.2189197630707,27.3415666720641,0.012382745973438247,5.079715657665074,5.0673329116916355
10089,2024,Q4,Salt Lake City,A,"Technology, Advertising, Media, and Information",65256.0,0.223,30.17,27.31,-0.1618845526387136,-0.46475998856124745,-0.30287543592253385
239,2018,Q1,San Diego,A,"Technology, Advertising, Media, and Information",50097.0,0.161166098499417,36.5331251563644,32.6194613367055,0.0,0.0,0.0
1591,2019,Q1,San Diego,A,"Technology, Advertising, Media, and Information",50566.5,0.172715272106561,38.4713267057437,34.533010748274,5.305326443012093,7.166006818230319,1.8606803752182266
1987,2019,Q2,San Diego,A,"Technology, Advertising, Media, and Information",34030.0,0.164220845464376,38.8122620574825,35.1185315699248,0.8862063800048281,-4.918167651638927,-5.804374031643755
2348,2019,Q3,San Diego,A,"Technology, Advertising, Media, and Information",45276.0,0.169639712394387,39.5917426093457,35.8430374440068,2.008335795292626,3.299743655982157,1.2914078606895307
3077,2020,Q1,San Diego,A,"Technology, Advertising, Media, and Information",35466.666666666664,0.167414117405879,42.3599262560236,38.3595856210645,6.991820678346361,-1.3119539977371697,-8.303774676083531
3390,2020,Q2,San Diego,A,"Technology, Advertising, Media, and Information",22523.0,0.166694245959086,42.0953393188794,37.8098308465763,-0.6246161420230933,-0.429994469969186,0.19462167205390735
3726,2020,Q3,San Diego,A,"Technology, Advertising, Media, and Information",19105.0,0.187199599081839,41.7173143344782,37.5904091281534,-0.8980209935774308,12.301176327217632,13.199197320795063
4040,2020,Q4,San Diego,A,"Technology, Advertising, Media, and Information",60372.333333333336,0.211397734274586,41.5003097981316,37.5343638080116,-0.5201785872568809,12.926381953504173,13.446560540761054
4368,2021,Q1,San Diego,A,"Technology, Advertising, Media, and Information",16082.0,0.21985181016249,42.1151541887906,37.8922497584037,1.4815416888446453,3.9991326855580045,2.517590996713359
4697,2021,Q2,San Diego,A,"Technology, Advertising, Media, and Information",48191.5,0.219054691547605,41.8649329927965,37.4376610620557,-0.5941357708734163,-0.36257086730187016,0.23156490357154613
5427,2021,Q4,San Diego,A,"Technology, Advertising, Media, and Information",73176.0,0.203620430623477,42.7127528582847,37.9129393071826,2.0251313089025835,-7.045848146454247,-9.07097945535683
5797,2022,Q1,San Diego,A,"Technology, Advertising, Media, and Information",24123.0,0.206641009794845,43.6567126972422,38.6915859000447,2.2100187316173026,1.483436196514809,-0.7265825351024935
6143,2022,Q2,San Diego,A,"Technology, Advertising, Media, and Information",100453.0,0.208622632023967,44.1058647953712,39.0828277731034,1.028827115875286,0.9589685179574703,-0.06985859791781568
6523,2022,Q3,San Diego,A,"Technology, Advertising, Media, and Information",14403.666666666666,0.215770482276148,43.5328352544388,38.6687115279148,-1.2992139335459396,3.4262103698125435,4.7254243033584835
7250,2023,Q1,San Diego,A,"Technology, Advertising, Media, and Information",79468.0,0.232326708583885,43.5809861137702,38.9652203661558,0.11060813992465057,7.6730728564382344,7.562464716513584
7636,2023,Q2,San Diego,A,"Technology, Advertising, Media, and Information",48408.0,0.248040927720613,42.9907781108364,38.9183981765249,-1.3542786787637984,6.763845290329229,8.118123969093027
8038,2023,Q3,San Diego,A,"Technology, Advertising, Media, and Information",38256.5,0.2518264788821,43.4911481676444,39.4578671956104,1.163900908045834,1.5261800527334612,0.36227914468762723
8801,2024,Q1,San Diego,A,"Technology, Advertising, Media, and Information",15030.0,0.265654182974381,45.8794418939049,41.1624683273728,5.491447862112997,5.49096510965188,-0.0004827524611172862
9222,2024,Q2,San Diego,A,"Technology, Advertising, Media, and Information",3472.0,0.261929404625239,45.8807516969865,41.4691127669684,0.002854880154457007,-1.402115452291297,-1.404970332445754
10104,2024,Q4,San Diego,A,"Technology, Advertising, Media, and Information",59317.6,0.263,47.74,42.57,4.052349262480837,0.4087343214836059,-3.6436149409972307
251,2018,Q1,San Francisco,A,"Technology, Advertising, Media, and Information",36500.57142857143,0.0944355195986166,68.8091479767104,67.0997658941117,0.0,0.0,0.0
594,2018,Q2,San Francisco,A,"Technology, Advertising, Media, and Information",79234.85714285714,0.087455563724125,68.9639384422598,66.5293843664807,0.22495623053171432,-7.391239974279607,-7.616196204811321
900,2018,Q3,San Francisco,A,"Technology, Advertising, Media, and Information",64132.4,0.0812356993829067,73.7020036886353,70.5694017665314,6.870351887374371,-7.112028184780339,-13.98238007215471
1230,2018,Q4,San Francisco,A,"Technology, Advertising, Media, and Information",118732.33333333333,0.0833567285561923,75.9168806004114,72.7516596800746,3.0051786938292357,2.6109569923046694,-0.39422170152456637
1600,2019,Q1,San Francisco,A,"Technology, Advertising, Media, and Information",243347.25,0.0774603764080566,77.6427236113716,75.0144551515677,2.2733323567971198,-7.073636706076902,-9.346969062874022
1998,2019,Q2,San Francisco,A,"Technology, Advertising, Media, and Information",113281.0,0.0714575330876512,85.1795001492751,79.2475359288311,9.706996595878902,-7.749566421912002,-17.456563017790906
2360,2019,Q3,San Francisco,A,"Technology, Advertising, Media, and Information",73237.66666666667,0.057299840353092,88.1183232545334,80.2337113175211,3.4501530299051675,-19.812736492306694,-23.26288952221186
2715,2019,Q4,San Francisco,A,"Technology, Advertising, Media, and Information",55874.0,0.0796129038163506,87.3430646168744,81.0673170086672,-0.8797927707040354,38.9408824278767,39.82067519858074
3088,2020,Q1,San Francisco,A,"Technology, Advertising, Media, and Information",44908.2,0.0978891545409445,87.5419193971714,82.4746721166248,0.22767094464712923,22.95639255509783,22.728721610450698
3399,2020,Q2,San Francisco,A,"Technology, Advertising, Media, and Information",15057.5,0.108970848473756,82.527220432322,78.4887168478797,-5.7283402047630165,11.320655474837427,17.048995679600445
3737,2020,Q3,San Francisco,A,"Technology, Advertising, Media, and Information",28048.5,0.150734747423065,78.6902977497416,75.3841578792156,-4.6492813673846385,38.32575366187703,42.97503502926167
4048,2020,Q4,San Francisco,A,"Technology, Advertising, Media, and Information",40893.0,0.173954152466104,74.9527021526735,72.4378043825219,-4.749754040777388,15.40414897028979,20.15390301106718
5069,2021,Q3,San Francisco,A,"Technology, Advertising, Media, and Information",92973.75,0.23784171467218,75.9838939573446,72.791528173564,1.3757900316530902,36.72666694089115,35.35087690923806
5436,2021,Q4,San Francisco,A,"Technology, Advertising, Media, and Information",54928.2,0.22846355719017503,75.9233322976257,72.5402558288576,-0.07970328521580416,-3.943024668709183,-3.863321383493379
6149,2022,Q2,San Francisco,A,"Technology, Advertising, Media, and Information",31956.0,0.243009456495033,75.7858464418058,72.0404951674369,-0.18108511791994353,6.366835693077233,6.5479208109971765
6533,2022,Q3,San Francisco,A,"Technology, Advertising, Media, and Information",82913.0,0.24852070303477397,74.5171559734558,71.2453222266665,-1.6740467091361233,2.2679144339609714,3.9419611430970947
6881,2022,Q4,San Francisco,A,"Technology, Advertising, Media, and Information",46862.333333333336,0.287782262039022,74.5931105390856,71.2315466958103,0.10192896472975832,15.798103950621133,15.696174985891375
7256,2023,Q1,San Francisco,A,"Technology, Advertising, Media, and Information",22319.8,0.301895402466853,74.3537600015384,70.6425934768982,-0.3208748580363574,4.904103653864977,5.224978511901335
7649,2023,Q2,San Francisco,A,"Technology, Advertising, Media, and Information",53758.57142857143,0.327358290897639,74.0229930612787,68.4507973781423,-0.4448557009798293,8.434341239622478,8.879196940602307
8047,2023,Q3,San Francisco,A,"Technology, Advertising, Media, and Information",37906.25,0.341956005021128,74.5666676214482,69.1478522007201,0.7344671401214864,4.45924680369667,3.724779663575184
8453,2023,Q4,San Francisco,A,"Technology, Advertising, Media, and Information",161657.2,0.340178084375625,74.5092586218728,68.816585379108,-0.0769901638448589,-0.5199267213901182,-0.4429365575452593
8810,2024,Q1,San Francisco,A,"Technology, Advertising, Media, and Information",54137.5,0.340980709765027,74.4460353925066,68.9759114655648,-0.08485284988145603,0.23594270950026974,0.32079555938172577
9238,2024,Q2,San Francisco,A,"Technology, Advertising, Media, and Information",24542.4,0.350228085495598,74.76542580684,68.5585782246516,0.4290227312300221,2.7119938066125338,2.2829710753825116
9678,2024,Q3,San Francisco,A,"Technology, Advertising, Media, and Information",66106.0,0.343290877291914,75.1027032458946,68.2170675700458,0.4511141820097153,-1.9807686736108998,-2.431882855620615
10118,2024,Q4,San Francisco,A,"Technology, Advertising, Media, and Information",26205.0,0.344,75.21,67.84,0.14286670048890837,0.20656613822074288,0.06369943773183451
265,2018,Q1,Seattle,A,"Technology, Advertising, Media, and Information",73359.33333333333,0.0788820893781834,41.5991786346942,32.1894025981061,0.0,0.0,0.0
604,2018,Q2,Seattle,A,"Technology, Advertising, Media, and Information",18534.0,0.116035894608953,46.3665820388765,35.245030932464,11.460330613850722,47.10043246020472,35.640101846354
911,2018,Q3,Seattle,A,"Technology, Advertising, Media, and Information",246550.0,0.126596101760591,45.7519818073452,36.3015860540125,-1.3255241264408468,9.100810733804776,10.426334860245623
1247,2018,Q4,Seattle,A,"Technology, Advertising, Media, and Information",77739.25,0.123355893512511,47.4470494606347,37.718775402664,3.7049054190202657,-2.5594850102159006,-6.264390429236166
1608,2019,Q1,Seattle,A,"Technology, Advertising, Media, and Information",137510.0,0.11723889792055402,46.274547845384895,37.8067896658961,-2.471179195710782,-4.958819086610234,-2.4876398908994517
2008,2019,Q2,Seattle,A,"Technology, Advertising, Media, and Information",196876.875,0.113814042452299,45.9356805878853,37.9400043851624,-0.7322972849607035,-2.921262080249043,-2.1889647952883395
2373,2019,Q3,Seattle,A,"Technology, Advertising, Media, and Information",162149.66666666666,0.102331038240561,47.1151611410869,38.4323643989859,2.567678410565799,-10.089268392826545,-12.656946803392344
2722,2019,Q4,Seattle,A,"Technology, Advertising, Media, and Information",123468.5,0.107988402281593,47.6597413618323,38.7130354206787,1.1558492161676925,5.528492760654502,4.3726435444868095
3098,2020,Q1,Seattle,A,"Technology, Advertising, Media, and Information",132409.25,0.117721256378192,48.2830178449064,39.578968364242,1.3077630412263064,9.01286979986924,7.705106758642933
3408,2020,Q2,Seattle,A,"Technology, Advertising, Media, and Information",25598.5,0.124737928560616,48.291092666784,39.7981697400498,0.016723937810891876,5.960412246945612,5.94368830913472
3744,2020,Q3,Seattle,A,"Technology, Advertising, Media, and Information",806374.0,0.140991896264715,45.7131458469588,37.9900038556417,-5.3383484975447315,13.0304935248307,18.368842022375432
4050,2020,Q4,Seattle,A,"Technology, Advertising, Media, and Information",22735.0,0.159699573046998,45.3860330826454,38.0655093665711,-0.7155770145606088,13.268618465247805,13.984195479808413
4379,2021,Q1,Seattle,A,"Technology, Advertising, Media, and Information",116890.66666666667,0.177190432020659,46.31014199744849,38.5619752512454,2.03610858239216,10.95235174392959,8.91624316153743
4717,2021,Q2,Seattle,A,"Technology, Advertising, Media, and Information",33228.0,0.193687395996084,47.5521180522881,39.7274670501836,2.681866220380069,9.31030179637553,6.628435575995461
5076,2021,Q3,Seattle,A,"Technology, Advertising, Media, and Information",35654.72727272727,0.19299379898473,47.9633894237392,39.799836451968,0.8648854946878837,-0.3581012630104463,-1.22298675769833
5444,2021,Q4,Seattle,A,"Technology, Advertising, Media, and Information",43082.57142857143,0.190101975620547,46.7682512239016,39.7121910953395,-2.491771774673779,-1.4984022177892742,0.9933695568845047
5818,2022,Q1,Seattle,A,"Technology, Advertising, Media, and Information",55510.0,0.185505158771801,50.6724795296401,42.6927660465891,8.34803141782472,-2.4180794722099552,-10.766110890034675
6157,2022,Q2,Seattle,A,"Technology, Advertising, Media, and Information",24494.75,0.188136249193456,50.7063560327338,42.2567656666501,0.06685384928497573,1.4183381416856822,1.3514842924007064
6539,2022,Q3,Seattle,A,"Technology, Advertising, Media, and Information",36614.666666666664,0.203930231960373,50.466707152623904,42.3072494594398,-0.47262098651930096,8.394970578304871,8.867591564824172
6893,2022,Q4,Seattle,A,"Technology, Advertising, Media, and Information",31750.5,0.22432112414365,50.4475864350649,44.3704259027019,-0.037887785111834216,9.998955028521372,10.036842813633207
7262,2023,Q1,Seattle,A,"Technology, Advertising, Media, and Information",27310.5,0.240478212165325,50.366576299338,44.7231692925105,-0.16058277799112508,7.202660063047994,7.363242841039119
7658,2023,Q2,Seattle,A,"Technology, Advertising, Media, and Information",12252.0,0.270818375499552,51.4315055586063,45.9467262148308,2.1143570548437074,12.616595516507179,10.50223846166347
8058,2023,Q3,Seattle,A,"Technology, Advertising, Media, and Information",68630.0,0.28600667368142,52.05470942199721,46.44781544372919,1.2117161584561664,5.608296761197118,4.3965806027409515
8820,2024,Q1,Seattle,A,"Technology, Advertising, Media, and Information",98004.28571428571,0.282720660584995,52.25279865122419,46.258919549479,0.38054045719688734,-1.148928818383188,-1.5294692755800754
9249,2024,Q2,Seattle,A,"Technology, Advertising, Media, and Information",89084.14285714286,0.295222703099352,51.4530498925043,46.0959935640364,-1.5305376541800753,4.422047716105437,5.9525853702855125
9688,2024,Q3,Seattle,A,"Technology, Advertising, Media, and Information",26479.5,0.304977049231694,49.2848160841651,44.2772895897853,-4.214004442630859,3.3040636881707997,7.518068130801659
10131,2024,Q4,Seattle,A,"Technology, Advertising, Media, and Information",48317.5,0.320565489986574,50.41,45.20000000000001,2.2830234649012127,5.111348802852822,2.8283253379516093
284,2018,Q1,South Florida,A,"Technology, Advertising, Media, and Information",3133.5,0.17022644574341,37.4429386432953,32.8268385375392,0.0,0.0,0.0
621,2018,Q2,South Florida,A,"Technology, Advertising, Media, and Information",38006.5,0.169810846670306,37.6773271789521,33.4349320475774,0.6259886220195687,-0.2441448338353136,-0.8701334558548823
1269,2018,Q4,South Florida,A,"Technology, Advertising, Media, and Information",33340.5,0.179059252730989,38.6694463158087,34.0042246658206,2.6331993565903433,5.446298774211478,2.8130994176211344
1631,2019,Q1,South Florida,A,"Technology, Advertising, Media, and Information",13823.333333333334,0.174113060951425,38.4595131824306,33.9828125763414,-0.5428914902572024,-2.762321245132715,-2.2194297548755126
2030,2019,Q2,South Florida,A,"Technology, Advertising, Media, and Information",21045.5,0.166276092744732,39.2947375168599,34.4676334392888,2.171697625155722,-4.501080024593563,-6.672777649749285
2399,2019,Q3,South Florida,A,"Technology, Advertising, Media, and Information",1772.0,0.185429477367948,41.6945846706848,36.0714364831451,6.107299107915454,11.519024958458912,5.4117258505434584
2741,2019,Q4,South Florida,A,"Technology, Advertising, Media, and Information",15280.0,0.194585097757572,41.8067810896513,36.4974218784032,0.2690911058418344,4.937521541656764,4.66843043581493
3429,2020,Q2,South Florida,A,"Technology, Advertising, Media, and Information",24458.0,0.203579811802245,42.2925474268462,37.0226513407334,1.1619319271512607,4.622509199486213,3.4605772723349526
5096,2021,Q3,South Florida,A,"Technology, Advertising, Media, and Information",44741.666666666664,0.237240601676765,42.2291031330805,38.1013131739651,-0.15001293992857878,16.5344439492938,16.68445688922238
5466,2021,Q4,South Florida,A,"Technology, Advertising, Media, and Information",23425.714285714286,0.233472732906187,44.4276948789676,39.806239609803505,5.206342504974537,-1.5882057050721987,-6.794548210046736
5833,2022,Q1,South Florida,A,"Technology, Advertising, Media, and Information",53137.0,0.226037441518107,45.4095280059581,40.0998969923442,2.209957391814421,-3.18465085645252,-5.394608248266941
6181,2022,Q2,South Florida,A,"Technology, Advertising, Media, and Information",25302.0,0.213331111021382,46.23172499261491,40.4766511647573,1.8106265860083903,-5.621338841648127,-7.431965427656517
6917,2022,Q4,South Florida,A,"Technology, Advertising, Media, and Information",32172.0,0.208857393604404,46.951420225521,41.2415208260265,1.556712913093894,-2.097076884641358,-3.653789797735252
7276,2023,Q1,South Florida,A,"Technology, Advertising, Media, and Information",1529.0,0.203689615287246,47.461020251651,41.730116958784,1.0853772339201928,-2.4743094931780507,-3.5596867270982435
7684,2023,Q2,South Florida,A,"Technology, Advertising, Media, and Information",11975.0,0.213931127876699,48.241740809977,42.5248618108969,1.6449721354206304,5.027999377882009,3.3830272424613783
8079,2023,Q3,South Florida,A,"Technology, Advertising, Media, and Information",31428.0,0.206713002879617,48.7991714594567,42.9310336761999,1.1554944745369111,-3.3740414818184905,-4.529535956355401
8840,2024,Q1,South Florida,A,"Technology, Advertising, Media, and Information",23047.5,0.205805962733789,49.8349709441734,43.6437706563719,2.122575965408058,-0.4387920126902811,-2.561367978098339
9721,2024,Q3,South Florida,A,"Technology, Advertising, Media, and Information",13968.5,0.207436503180841,52.638180370186,45.6168749796374,5.624984569877323,0.7922707512420857,-4.832713818635237
10162,2024,Q4,South Florida,A,"Technology, Advertising, Media, and Information",8863.0,0.202,54.66,47.7,3.8409755344794183,-2.6208035217897496,-6.461779056269168
310,2018,Q1,Tampa,A,"Technology, Advertising, Media, and Information",27270.5,0.116508765129976,28.3222759720881,22.9696082969937,0.0,0.0,0.0
645,2018,Q2,Tampa,A,"Technology, Advertising, Media, and Information",7000.0,0.11722238660925,28.7579468132127,23.7175468131548,1.538262114082789,0.6125045428795772,-0.9257575712032118
1293,2018,Q4,Tampa,A,"Technology, Advertising, Media, and Information",20460.0,0.111564910368578,29.3770202088535,24.160035619447,2.1527037366811275,-4.826276280767649,-6.978980017448777
1656,2019,Q1,Tampa,A,"Technology, Advertising, Media, and Information",20460.0,0.124112339435475,30.9463963952034,24.916071088391,5.342189831346222,11.246752249828319,5.904562418482096
2052,2019,Q2,Tampa,A,"Technology, Advertising, Media, and Information",17110.0,0.14402012766344,30.2211696521362,25.2281042890582,-2.3434933547855974,16.04013615287212,18.383629507657716
2768,2019,Q4,Tampa,A,"Technology, Advertising, Media, and Information",29395.0,0.144713218733487,32.1102434831453,26.4575817150023,6.250829642775146,0.48124597671979075,-5.769583666055356
4086,2020,Q4,Tampa,A,"Technology, Advertising, Media, and Information",20460.0,0.191355005769489,30.7817130450988,26.4064731967742,-4.13740381241221,32.23049521267332,36.36789902508553
4424,2021,Q1,Tampa,A,"Technology, Advertising, Media, and Information",37817.0,0.211743312029331,31.4678806501373,26.966416236245,2.229140412143993,10.654702330809297,8.425561918665304
4761,2021,Q2,Tampa,A,"Technology, Advertising, Media, and Information",12938.0,0.225826364201326,32.4254206701269,27.4413108501902,3.042912329036751,6.651002119983951,3.6080897909472
5117,2021,Q3,Tampa,A,"Technology, Advertising, Media, and Information",70003.5,0.218784732840371,32.0563755322812,27.2848740606698,-1.1381352353145968,-3.1181617725897337,-1.9800265372751369
5496,2021,Q4,Tampa,A,"Technology, Advertising, Media, and Information",10631.0,0.22243113963655,31.7706598569421,27.4188657361542,-0.8912912660739902,1.6666641903388513,2.5579554564128415
5855,2022,Q1,Tampa,A,"Technology, Advertising, Media, and Information",20881.75,0.22983068290532,32.4328187431387,27.9584972535987,2.084183612106849,3.326666976962289,1.24248336485544
6211,2022,Q2,Tampa,A,"Technology, Advertising, Media, and Information",16608.666666666668,0.227574120997445,32.6849054786633,28.3094279947544,0.777258176420248,-0.981836663125002,-1.75909483954525
6575,2022,Q3,Tampa,A,"Technology, Advertising, Media, and Information",28276.5,0.228874873656742,32.7071698611326,28.3561699740914,0.06811824034134162,0.5715731883730202,0.5034549480316786
6936,2022,Q4,Tampa,A,"Technology, Advertising, Media, and Information",30000.0,0.238407345571385,32.8305049846771,28.3385199555024,0.37708895042938284,4.164927220861925,3.787838270432542
7300,2023,Q1,Tampa,A,"Technology, Advertising, Media, and Information",15823.0,0.244763406482901,32.6702075522716,28.4137315804061,-0.48825758994665014,2.666050786431362,3.154308376378012
7713,2023,Q2,Tampa,A,"Technology, Advertising, Media, and Information",16289.0,0.234554038645254,32.4988881170901,28.4561131935347,-0.524390409541764,-4.171116910141636,-3.6467265005998724
8109,2023,Q3,Tampa,A,"Technology, Advertising, Media, and Information",24262.0,0.243559729364666,32.0406875916287,28.5790884627785,-1.4098960057050136,3.839495056843778,5.249391062548792
8504,2023,Q4,Tampa,A,"Technology, Advertising, Media, and Information",83200.0,0.240746975207793,32.1435987257222,28.5882364222397,0.3211889064465234,-1.1548518978117372,-1.4760408042582607
8862,2024,Q1,Tampa,A,"Technology, Advertising, Media, and Information",11692.0,0.245714172744005,32.7950215233759,29.0469371612175,2.0266019471317565,2.0632440062537505,0.03664205912199403
9753,2024,Q3,Tampa,A,"Technology, Advertising, Media, and Information",9211.0,0.249817656375391,33.6312984859457,30.2040414076123,2.550011933895857,1.6700231759366968,-0.8799887579591603
